model,rmse,pearson,fold_rmse
extended_cat_d5,0.6335874683766665,0.8607724849870276,"[0.6987307790082327, 0.655943498644573, 0.5731637483491393, 0.6501099691389627, 0.580604368834205]"
extended_cat_d6,0.6361745011965474,0.8602579992733713,"[0.6909313759488572, 0.6610151223302227, 0.5749988660570073, 0.6575596853730146, 0.58810906365232]"
extended_cat_d4,0.6374827559579589,0.8586014925609945,"[0.696718328239727, 0.6653231323566714, 0.5822201910849726, 0.647374131843059, 0.5876906278583027]"
extended_extra,0.6462431529022059,0.8574234881338654,"[0.7025313327131845, 0.672615610292502, 0.582055802118751, 0.6711973316840317, 0.5936927696897895]"
extended_cat_d3,0.647285949778646,0.8534355667961807,"[0.7064493469336973, 0.6713254176084776, 0.5888536540667323, 0.671771295223606, 0.5887716472819428]"
basic_cat_d5,0.6521058713303406,0.8514469625825918,"[0.6944220232738681, 0.6768202292727779, 0.5874938122056417, 0.6859801538728577, 0.608132524263606]"
extended_svr_C10_gscale,0.6522155628596248,0.8506155188206588,"[0.7085486505922272, 0.6610306174994202, 0.6141248593445219, 0.6997759373236689, 0.566043853682475]"
extended_svr_C30_gscale,0.6541567969830392,0.8495956215568278,"[0.7108300047706813, 0.6607932814161351, 0.6173317342706629, 0.7039007400988958, 0.566043853682475]"
extended_svr_C3_gscale,0.6563010118478613,0.8488672608084135,"[0.7228891905774187, 0.6791552333021503, 0.6104397130453557, 0.6828456922254271, 0.57468881413587]"
basic_cat_d4,0.657396352048848,0.8482702154165249,"[0.7059061275354797, 0.6725397303633067, 0.6056486629764809, 0.6868060480611182, 0.6093674959827375]"
basic_cat_d6,0.6574720841887054,0.8491429608636211,"[0.7019136762583278, 0.685135741794728, 0.5980091022029156, 0.6880196029207118, 0.6065061773259046]"
basic_cat_d3,0.6647535734822829,0.8441754759600849,"[0.7102022363753796, 0.6924785792413277, 0.6156112857708965, 0.6847871255209266, 0.6142005109237098]"
all_cat_d4,0.6690025731084219,0.8432119973577341,"[0.70448039925247, 0.6710642108647112, 0.6192073378690005, 0.7150959079326717, 0.6293554324513735]"
all_cat_d5,0.6699494970427345,0.8436062360056157,"[0.7087752378355109, 0.6765122922330951, 0.6207234626860388, 0.7034992458191741, 0.6353173093597928]"
all_cat_d6,0.6721287534948611,0.8449228033084842,"[0.7181921428073703, 0.6796187065627916, 0.621087936254012, 0.7049616197229266, 0.6308992026538476]"
all_cat_d3,0.6733677210118587,0.8403008764472184,"[0.7090480330309212, 0.6875719926477547, 0.6241261669939975, 0.7008124092080719, 0.6408329978900729]"
extended_svr_C10_g0.003,0.6768253711496074,0.841916233229665,"[0.7319848185304056, 0.6878970831986689, 0.639861959932814, 0.7052486529825024, 0.6116489521048597]"
basic_extra,0.6773960179967905,0.8391316289033027,"[0.7263125283193806, 0.7062463215427892, 0.6129580260807527, 0.7071417818119186, 0.6259477683364216]"
all_extra,0.6878365577726907,0.8358917440759206,"[0.721975992321529, 0.71886329657206, 0.6465602265746817, 0.7027138741129645, 0.6444842147173582]"
all_svr_C3_gscale,0.7224549166066837,0.8198925477155301,"[0.7138893188619789, 0.7425271013606637, 0.7266255265670507, 0.7641811666712385, 0.6604595744608059]"
all_svr_C30_gscale,0.7237647769049644,0.8191733353586002,"[0.7133570873606038, 0.7441078444721786, 0.732084801412384, 0.7639607725172204, 0.6606442248933604]"
all_svr_C10_gscale,0.7237647769049644,0.8191733353586002,"[0.7133570873606038, 0.7441078444721786, 0.732084801412384, 0.7639607725172204, 0.6606442248933604]"
audio_meta_svr_C3_gscale,0.727920984749267,0.8094263849685275,"[0.7756786862370905, 0.7542773751220748, 0.6702819879194665, 0.7824732963440854, 0.6453325923059697]"
audio_meta_svr_C10_gscale,0.7304071923377632,0.8089619278451934,"[0.7784575708487075, 0.7569973601487506, 0.659774212461251, 0.7931446686930222, 0.6506430277484304]"
basic_svr_C10_g0.003,0.7308289837136707,0.8078918039878091,"[0.7519868353721845, 0.7666417010618232, 0.7411949815922426, 0.735557650515416, 0.652851929305371]"
audio_meta_svr_C30_gscale,0.7338615934124317,0.8073576778407783,"[0.7788921487211778, 0.7689955231900578, 0.6450036502075935, 0.8091201235554746, 0.6506024224994013]"
audio_meta_svr_C10_g0.003,0.7381146522039467,0.8040539795059287,"[0.7792813613327355, 0.7760320040285266, 0.7089764098170401, 0.7458572092873222, 0.6745572898042373]"
basic_svr_C3_gscale,0.7401365950270391,0.8019062920150724,"[0.7529662468595728, 0.77834507063851, 0.7436382166978381, 0.7510454946700231, 0.6697162502014767]"
basic_svr_C30_gscale,0.7455002274187486,0.7984700074653197,"[0.7552947646091639, 0.7797390264549777, 0.7411600792147239, 0.7775537774436485, 0.6676581221822677]"
basic_svr_C10_gscale,0.7468585119836709,0.7976364326800612,"[0.7601549476351455, 0.7816435684202034, 0.740771099896267, 0.7774748094002288, 0.6680215213779394]"
all_svr_C10_g0.003,0.7699973441077396,0.8038769418554066,"[0.7619396238002745, 0.791649475778087, 0.7872992052461439, 0.7989704516445495, 0.7059825134507057]"
