Model,fold,RMSE,Pearson
Mean baseline,0,1.2346216506068783,
Mean baseline,1,1.1998010199859686,
Mean baseline,2,1.3194170623054668,
Mean baseline,3,1.1771612622409782,
Mean baseline,4,1.2565417591492174,
B_embeddings Ridge 10,0,1.1897904130931583,0.5313126953450596
B_embeddings Ridge 10,1,0.9767221414271013,0.6590002977473053
B_embeddings Ridge 10,2,1.1688226621632303,0.5598254750784071
B_embeddings Ridge 10,3,1.2322123957551747,0.3608409141802278
B_embeddings Ridge 10,4,1.2226984228531912,0.44816249271988573
B_embeddings Ridge 100,0,1.0082539157724852,0.6090153603376922
B_embeddings Ridge 100,1,0.8325809830343128,0.7232796870114844
B_embeddings Ridge 100,2,1.050617977992466,0.6091329507999301
B_embeddings Ridge 100,3,1.0575921283445664,0.48630489800618015
B_embeddings Ridge 100,4,1.0633770029455678,0.5550517519623277
A_linguistic Ridge 10,0,1.101112464791637,0.475828246919064
A_linguistic Ridge 10,1,1.0766266563740425,0.4642806721728593
A_linguistic Ridge 10,2,1.1138251060943605,0.5450750787740295
A_linguistic Ridge 10,3,1.0660969708581558,0.44398948078003403
A_linguistic Ridge 10,4,1.109590954489845,0.4743746388426332
A_linguistic Ridge 100,0,1.0631993739325536,0.5096097201589529
A_linguistic Ridge 100,1,1.0533794950690936,0.485889125167895
A_linguistic Ridge 100,2,1.1115735953119112,0.5420737793929125
A_linguistic Ridge 100,3,1.0557197005470291,0.45211175165520134
A_linguistic Ridge 100,4,1.1071484046829476,0.47512119529525254
C_text_combined Ridge 10,0,1.1771797267170765,0.5375344448661441
C_text_combined Ridge 10,1,1.01286709325608,0.637811272327012
C_text_combined Ridge 10,2,1.1604381762504732,0.5786017949958921
C_text_combined Ridge 10,3,1.2351286053053683,0.3694261138487632
C_text_combined Ridge 10,4,1.2210140080903928,0.45948242407546436
C_text_combined Ridge 100,0,1.0057023549754625,0.6125344940427955
C_text_combined Ridge 100,1,0.8418949652005351,0.7229346034025047
C_text_combined Ridge 100,2,1.0343558766035648,0.6338933734922823
C_text_combined Ridge 100,3,1.0371709097399553,0.5163137942700509
C_text_combined Ridge 100,4,1.0208398891009285,0.5942263876267657
D_multimodal Ridge 10,0,0.8153396842400643,0.7660466092048916
D_multimodal Ridge 10,1,0.8386539742873662,0.7514175173603586
D_multimodal Ridge 10,2,0.9066237622605028,0.75550713231576
D_multimodal Ridge 10,3,0.909756003118223,0.6750928139308215
D_multimodal Ridge 10,4,0.8422342784054339,0.7574205543822634
D_multimodal Ridge 100,0,0.7194524773263096,0.8134272256256025
D_multimodal Ridge 100,1,0.683572125865062,0.8243639546383666
D_multimodal Ridge 100,2,0.7957651797606122,0.7992014508937442
D_multimodal Ridge 100,3,0.757874855035653,0.7701052852366482
D_multimodal Ridge 100,4,0.6704739924289228,0.847234148625947
audio_only Ridge 10,0,0.8932564616224782,0.6987158536061606
audio_only Ridge 10,1,0.9314176667690536,0.6439598087744476
audio_only Ridge 10,2,0.7733399023042682,0.8101747519386167
audio_only Ridge 10,3,0.8575266693915502,0.6877026565148534
audio_only Ridge 10,4,0.7902210701723047,0.778247805936773
audio_only Ridge 100,0,0.8816534380213443,0.7054122040971372
audio_only Ridge 100,1,0.9273530077158118,0.6415911737608183
audio_only Ridge 100,2,0.7621523287597209,0.8173400411442816
audio_only Ridge 100,3,0.8619178213370542,0.6804807852457035
audio_only Ridge 100,4,0.8032598522878518,0.7711155766861683
Linguistic ElasticNet,0,1.086028764445121,0.48733088310020345
Linguistic ElasticNet,1,1.059889963681071,0.4816637660821536
Linguistic ElasticNet,2,1.1101420036818552,0.5457759094629149
Linguistic ElasticNet,3,1.0580701805397343,0.4524751409781237
Linguistic ElasticNet,4,1.110081273879745,0.472466269764008
Transcript TF-IDF Ridge,0,1.162005766591244,0.6210324260782725
Transcript TF-IDF Ridge,1,1.1352991325207018,0.5464290622572434
Transcript TF-IDF Ridge,2,1.2530533845646707,0.5298435422454115
Transcript TF-IDF Ridge,3,1.1115963959253037,0.5741716661514051
Transcript TF-IDF Ridge,4,1.1828975153666796,0.5750344720948506
B_embeddings ExtraTrees,0,1.022663169497631,0.6083040990257742
B_embeddings ExtraTrees,1,0.9879126580365556,0.6392837048786113
B_embeddings ExtraTrees,2,1.1285027485859114,0.5762010755948546
B_embeddings ExtraTrees,3,1.0537041579872142,0.452951344300787
B_embeddings ExtraTrees,4,1.037650617165562,0.6570249389419434
A_linguistic ExtraTrees,0,1.0300804030291604,0.551436709943494
A_linguistic ExtraTrees,1,1.0269839481231988,0.5198698029882584
A_linguistic ExtraTrees,2,1.0847987180892553,0.5675083452637999
A_linguistic ExtraTrees,3,1.0632573054780097,0.435592225673379
A_linguistic ExtraTrees,4,1.09059540634542,0.4999851478612055
C_text_combined ExtraTrees,0,0.9473635211769534,0.664655151255579
C_text_combined ExtraTrees,1,0.9213817039837634,0.6617404582668021
C_text_combined ExtraTrees,2,1.0238022654081336,0.6564254313842961
C_text_combined ExtraTrees,3,0.9795093555547505,0.5633366176911989
C_text_combined ExtraTrees,4,1.0233274108467172,0.5932604849512321
D_multimodal ExtraTrees,0,0.7241648618998846,0.8146838549339013
D_multimodal ExtraTrees,1,0.7152856183541711,0.8059521418025712
D_multimodal ExtraTrees,2,0.6466222058858749,0.8771335655001329
D_multimodal ExtraTrees,3,0.7169071295741061,0.8012688331992958
D_multimodal ExtraTrees,4,0.64516070796988,0.8652196851008007
Multimodal RandomForest,0,0.7533799129231429,0.7937306082825377
Multimodal RandomForest,1,0.7137749809737863,0.8053527516271306
Multimodal RandomForest,2,0.6563571041697417,0.8734536521008087
Multimodal RandomForest,3,0.7116430731046769,0.801564474777613
Multimodal RandomForest,4,0.6639189405067722,0.8530872178956964
Multimodal HistGradientBoosting,0,0.7382975536093803,0.8019586211232517
Multimodal HistGradientBoosting,1,0.702826454553472,0.8104910727388439
Multimodal HistGradientBoosting,2,0.6451860689174405,0.8754664720273517
Multimodal HistGradientBoosting,3,0.6825696722745268,0.8178756759710275
Multimodal HistGradientBoosting,4,0.6673566484350903,0.8550400572244353
Multimodal catboost,0,0.7264999963244257,0.8110657506149556
Multimodal catboost,1,0.676498271226459,0.8267117139327229
Multimodal catboost,2,0.6257668237281175,0.887327903525472
Multimodal catboost,3,0.7014657473669004,0.8128420692389837
Multimodal catboost,4,0.6247911786630481,0.8768295176280149
Embeddings PCA95 Ridge 10,0,1.035040833485794,0.5819239245947541
Embeddings PCA95 Ridge 10,1,0.8954304998633087,0.6758175935666874
Embeddings PCA95 Ridge 10,2,1.1052767125011298,0.5580084107705516
Embeddings PCA95 Ridge 10,3,1.0804308817218433,0.465900238023377
Embeddings PCA95 Ridge 10,4,1.0638234183160007,0.5757074671200788
Embeddings PCA95 Ridge 100,0,1.001770248100479,0.5992117716462242
Embeddings PCA95 Ridge 100,1,0.8710546677735699,0.6891498781701313
Embeddings PCA95 Ridge 100,2,1.0834814141803029,0.5719620455050716
Embeddings PCA95 Ridge 100,3,1.0590984100957228,0.47615649696167084
Embeddings PCA95 Ridge 100,4,1.031310505602362,0.586404008864507
Blend equal2,0,0.724310738809677,0.8117593937983061
Blend equal2,1,0.6821782190192073,0.8229675171859558
Blend equal2,2,0.6284049049532984,0.8847523330647518
Blend equal2,3,0.6840152699707509,0.8212473636735282
Blend equal2,4,0.6392235213347566,0.8698377885824331
Blend 75-25,0,0.7233671037622162,0.812798789030705
Blend 75-25,1,0.677420423622054,0.8259706201860411
Blend 75-25,2,0.6252842990319858,0.8869315080465023
Blend 75-25,3,0.6907896354894351,0.8186838120506031
Blend 75-25,4,0.6302149847433614,0.8743552214055159
Blend equal3,0,0.7179850377151438,0.816935518778928
Blend equal3,1,0.6841455036933255,0.822762911752005
Blend equal3,2,0.627292098427491,0.8859339072894101
Blend equal3,3,0.6881386011369692,0.8204992415446589
Blend equal3,4,0.6316672723574696,0.8736935486245705
Blend 75-25 + nested calibration,0,0.7174292014894013,0.8141040153846612
Blend 75-25 + nested calibration,1,0.679534942869019,0.8252072234822435
Blend 75-25 + nested calibration,2,0.6113076754147029,0.8879032216132591
Blend 75-25 + nested calibration,3,0.6749753204047128,0.8206867894471697
Blend 75-25 + nested calibration,4,0.6143926924247433,0.8775607467260779
