,0
filler_ratio,0.0
fillers,0.0
hesitation_marks,0.0018912804040734266
self_correction_proxy,0.0029521178769624326
short_sentence_ratio,0.0037925045515538247
adjacent_repeat_ratio,0.00929169094167866
sentence_len_median,0.009969155333681003
verbs_per_sentence,0.010016367040667301
verbless_sentence_ratio,0.010188998784372868
clauses_per_sentence,0.01120398936971392
sentence_len_mean,0.012345191101583212
dependency_distance,0.014015403825986887
dependency_depth,0.01405308052509254
sentence_count,0.01500081189691051
pos_ADP,0.01548353464322851
pos_CCONJ,0.01746317709211355
discourse_filler_proxy,0.01801010958362253
pos_ADJ,0.018023996192749497
pos_PUNCT,0.01829743745522291
pos_PRON,0.018530009925967653
sentence_len_max,0.020062023713137297
pos_AUX,0.020475385929287323
subordinate_proxy,0.020880548547309065
pos_SCONJ,0.021583811873860718
pos_NOUN,0.02271483958317409
pos_DET,0.024465169318921214
hapax_ratio,0.025568839453710412
type_token_ratio,0.026404990323286578
pos_VERB,0.027126027802532413
pos_ADV,0.029555008596587665
word_count,0.030532576062221217
repeated_3gram_ratio,0.03271857829634066
mean_word_length,0.0358627750413999
repeated_2gram_ratio,0.038418818092396854
char_count,0.05426541826890873
root_ttr,0.1734905006849852
unique_words,0.1753458318667594
