Model,RMSE,Pearson,RMSE_mean,RMSE_std,Pearson_mean,Pearson_std
Blend 75-25 + nested calibration,0.660851610083379,0.84577894179478,0.6595279665205159,0.04569967805571809,0.8450923993306823,0.034778923355223444
Blend 75-25,0.670498372918557,0.8440451962636014,0.6694152893298104,0.041581099413297566,0.8437479901438735,0.03429183495966092
Blend equal3,0.67080880787195,0.8446825713911124,0.6698457026660798,0.03913090785228148,0.8439650255979145,0.03307544029724979
Multimodal catboost,0.6722878148097776,0.8434120670444324,0.6710044034617901,0.04533193589831546,0.8429553909880297,0.036414264645430815
Blend equal2,0.6725553382600765,0.8423264447904918,0.671626530817538,0.03859568861725391,0.8421128792609949,0.03282545630685697
Multimodal HistGradientBoosting,0.6880060110685187,0.8323694949658673,0.687247279557982,0.035480642014964155,0.832166379816982,0.031562061649271916
D_multimodal ExtraTrees,0.6906158097704482,0.8346704075276021,0.6896281047367834,0.040068995207156455,0.8328516161073404,0.03556579948678216
Multimodal RandomForest,0.700772641005359,0.8269282131818165,0.699814802335624,0.03994089406723862,0.8254377409367573,0.035527113571336
D_multimodal Ridge 100,0.7269865788353195,0.809910165630382,0.725427726083312,0.051979999223142975,0.8108664130040617,0.02876149536977491
audio_only Ridge 100,0.8493286345579608,0.7277762032684654,0.8472672896243566,0.06517664195703723,0.7231879561868217,0.07063920055994136
audio_only Ridge 10,0.8513464014608344,0.7266374269297249,0.849152354051931,0.06708820164183221,0.7237601753541704,0.06843216012172014
D_multimodal Ridge 10,0.8634043051472908,0.7414358598055526,0.8625215404623182,0.042963536002598134,0.741096925438819,0.037281560447886414
C_text_combined ExtraTrees,0.9798658269797574,0.6288187551060714,0.9790768513940638,0.04553330396151686,0.6278836287098215,0.04657827549689437
C_text_combined Ridge 100,0.9907129245685163,0.6179765498130806,0.9879927991240892,0.08262136267737917,0.6159805305668798,0.07446243996916192
B_embeddings Ridge 100,1.0061876958332479,0.5986674398567529,1.0024844016178798,0.09741928781818184,0.5965569296235229,0.08696294655331123
Embeddings PCA95 Ridge 100,1.0120520844577316,0.5862060091385497,1.0093430491504873,0.08311992239325151,0.584576840229521,0.07593935723190423
Embeddings PCA95 Ridge 10,1.0385998959913691,0.5731291108223827,1.0360004691776152,0.0826259842911302,0.5714715268150898,0.07473595180184793
B_embeddings ExtraTrees,1.0471360462996835,0.5843092973763248,1.0460866702545748,0.05209241586797295,0.5867530325483941,0.08089545166976332
A_linguistic ExtraTrees,1.0594365811245803,0.5179092922299873,1.059143156213009,0.029762545276493784,0.5148784463460274,0.05157383461309776
A_linguistic Ridge 100,1.0784722362014754,0.49554734932207267,1.078204113908707,0.028715183370672775,0.4929611143340429,0.03437359494743813
Linguistic ElasticNet,1.0850508408186803,0.490997436507349,1.0848424372455052,0.02558248411924241,0.48794239387748073,0.034935465801947584
A_linguistic Ridge 10,1.0935909582559988,0.4841010027855396,1.0934504305216082,0.021009532479017996,0.480709623497724,0.03816133849739584
B_embeddings Ridge 10,1.161733934480737,0.5165984905636531,1.158049207058371,0.10450212424449677,0.5118283750141771,0.11312989557549757
C_text_combined Ridge 10,1.1639418058071582,0.5218448187211975,1.161325521923878,0.08846137396053985,0.5165712100226552,0.1047583077895706
Transcript TF-IDF Ridge,1.16995723687579,0.5641066687471481,1.1689704389937199,0.05417090905522062,0.5693022337654365,0.034687004180475954
Mean baseline,1.238465782056706,-0.027929875096286343,1.237508550857702,0.05509821817978313,,
